Tag,Number,Subreddit,Moderators,Description
#meta,,https://www.reddit.com/r/MEowthsub/,u/Alittlefluffycat,‚ÄîMEow (^_^ )
#thirdsub #minussub,-219,https://www.reddit.com/r/minus219thsub,u/Robowiko123,when the community posts -219 subs in a row
#thirdsub #minussub,-10,https://www.reddit.com/r/minustenthsub/,u/regian24,Ow
#thirdsub #minussub,-5,https://www.reddit.com/r/minusfifthsub/,u/scruffboi,The -5th sub
#thirdsub #minussub,-4,https://www.reddit.com/r/minusfourthsub/,u/nicknameSerialNumber,-4th sub
#thirdsub #minussub,-3,https://www.reddit.com/r/minusthirdsub/,u/nicknameSerialNumber,-3rd sub
#thirdsub #minussub,-2,https://www.reddit.com/r/minussecondsub/,u/Benjebi,egg
#thirdsub #minussub,-1,https://www.reddit.com/r/minusfirstsub/,u/DatNeverikGuy,Minus first sub
#thirdsub,0,https://reddit.com/r/zerothsub,u/praisethemagicconch,zerothsub
#thirdsub,1,https://reddit.com/r/firstsub,"u/Gbro08
u/FunnyK111
u/short_and_simple",My first sub!
#thirdsub,2,https://www.reddit.com/r/secondsub,u/Bentley1018,when people say one subreddit name then comment this one
#thirdsub,3,https://reddit.com/r/thirdsub,u/andamancrake,when ppl say two subreddit names in a row then comment this one
#thirdsub,4,https://reddit.com/r/fourthsub,u/xmbo,fourthsub
#thirdsub,5,https://reddit.com/r/fifthsub,u/ConstipatedNinja,"If you've made it this far, you've already lost your way"
#thirdsub,6,https://reddit.com/r/sixthsub,u/xmbo,sixthsub
#thirdsub,7,https://reddit.com/r/seventhsub,,"when ppl say two subreddit names in a row then comment a few more than eventually comment this one. The holiest of holies ‚Äî welcome to Seventh Sub, a divine and spiritual place to celebrate the most glorious of numbers."
#thirdsub,8,https://reddit.com/r/eighthsub,,when ppl say two subreddit names in a row then comment a few more than eventually comment this one
#thirdsub,9,https://reddit.com/r/ninthsub,u/Robowiko123,When community posts 9 subs in a row
#thirdsub,10,https://reddit.com/r/TenthSub,u/beerathegreat,This is sub number 10.
#thirdsub,11,https://reddit.com/r/eleventhsub,"u/therealrobokaos
u/FuckTheReaders
u/Whatgophers
u/StarCaptain666
u/Wolffinary",too many subs
#thirdsub,12,https://reddit.com/r/twelfthsub,u/xmbo,twelfthsub
#thirdsub,13,https://reddit.com/r/ThirteenthSub,u/Bortan,Is Thirteen
#thirdsub,14,https://reddit.com/r/fourteenthsub,u/fdf2002,You get it by this point
#thirdsub,15,https://www.reddit.com/r/15thsub,u/fdf2002,i dont think i need to explain anything
#thirdsub,16,https://reddit.com/r/sixteenthsub,u/Robowiko123,When the community posts 16 subs in a row (not the end)
#thirdsub,17,https://reddit.com/r/seventeenthsub,u/CHICKENRACER805,If you have gotten this far you're in a world of shit
#thirdsub,18,https://www.reddit.com/r/eighteenthsub,u/Disowned,The eighteenth sub
#thirdsub,19,https://www.reddit.com/r/nineteenthsub,u/Disowned,The nineteenth sub
#thirdsub,20,https://reddit.com/r/twentiethsub,u/Disowned,twentieth century fox
#thirdsub,21,https://reddit.com/r/twentyfirstsub,u/nuotnik,
#thirdsub,22,https://reddit.com/r/twentysecondsub,u/rednax1206,
#thirdsub,23,https://reddit.com/r/twentythirdsub,u/nicknameSerialNumber,Impossible.
#thirdsub,24,https://reddit.com/r/twentyfourthsub,u/normtendo64,"If you get this far, do you have nothing better to do?"
#thirdsub,25,https://reddit.com/r/twentyfifthsub,u/123456789hfgveidghdf,If you get here there is no going back.
#thirdsub,26,https://reddit.com/r/twentysixthsub,u/hannahzakla,How did you get here?
#thirdsub,27,https://reddit.com/r/twentyseventhsub,u/CHICKENRACER805,please stop ok this doesn't have to go further
#thirdsub,28,https://reddit.com/r/twentyeighthsub,u/Stormtide_Leviathan,"Pictures including exactly 28 or more sub sandwiches. I will also be accepting 28+ subway restaurants, 28+ submarines, 28+ people you are calling subs, etc, or any combination thereof. Make sure to indicate with an arrow or circle which is the twenty-eighth, or else why are you even here? Get that shit to r/twentyninthsub or something."
#thirdsub,29,https://reddit.com/r/twentyninthsub,u/FlynnClubbaire,WE HAVE GONE TOO FAR
#thirdsub,30,https://reddit.com/r/thirtiethsub,u/Captain_Arzt,When you've just linked thirty subs in a row.
#thirdsub,31,https://reddit.com/r/thirtyfirstsub,u/schallflo,Will anyone ever see this?
#thirdsub,32,https://reddit.com/r/thirtysecondsub,u/Benjebi,do not go further
#thirdsub,33,https://reddit.com/r/thirtythirdsub,u/dylanblieu,please just stop
#thirdsub,34,https://reddit.com/r/thirtyfourthsub,u/AskMeIfImAReptiloid,Why? Why not!
#thirdsub,35,https://reddit.com/r/thirtyfifthsub,u/AskMeIfImAReptiloid,Why? Why not!
#thirdsub,36,https://reddit.com/r/thirtysixthsub,u/noguccibackpack,You can't be far now...
#thirdsub,37,https://reddit.com/r/thirtyseventhsub,u/FlatInfo,Why?
#thirdsub,38,https://reddit.com/r/thirtyeighthsub,"u/scruffboi
u/c4346","Enjoy your stay at r/Thirtyeighthsub during your quest to find the highest number sub. This subreddit is for finding examples of people linking ""r/Thirtyeighthsub"" in comments of posts and for talking about the number 38."
#thirdsub,39,https://reddit.com/r/thirtyninthsub,u/PM_ME_YOUR_FEET_GlRL,
#thirdsub,40,https://www.reddit.com/r/fortiethsub,u/PM_ME_YOUR_FEET_GlRL,
#thirdsub,41,https://www.reddit.com/r/fortyfirstsub,u/PM_ME_YOUR_FEET_GlRL,
#thirdsub,42,https://reddit.com/r/fortysecondsub,u/PM_ME_YOUR_FEET_GlRL,
#thirdsub,43,https://reddit.com/r/fortythirdsub,u/PM_ME_YOUR_FEET_GlRL,
#thirdsub,44,https://reddit.com/r/fortyfourthsub,u/PM_ME_YOUR_FEET_GlRL,
#thirdsub,45,https://reddit.com/r/fortyfifthsub,u/PM_ME_YOUR_FEET_GlRL,
#thirdsub,46,https://reddit.com/r/fortysixthsub,u/MassivelyObeseDragon,just another link in this accursed chain
#thirdsub,47,https://reddit.com/r/fortyseventhsub,u/MassivelyObeseDragon,47
#thirdsub,48,https://reddit.com/r/fortyeighthsub,u/MassivelyObeseDragon,time doesn't exist and neither do I
#thirdsub,49,https://reddit.com/r/fortyninthsub,u/MassivelyObeseDragon,aaaaaaaaaaaaaaa
#thirdsub,50,https://reddit.com/r/fiftiethsub,u/Shreeze,"Welcome to the Fiftieth Floor of rNumberSubs! If you've come this far that means (You really know what you're doing) or does it? Well, enjoy the sights and try to find the hidden (Things). You can always move on to r/fiftyfirstsub but you never know what you (Won't) find here. Have fun and don't get more lost"
#thirdsub,51,https://reddit.com/r/fiftyfirstsub,u/Ouiijabored,why?
#thirdsub,52,https://reddit.com/r/fiftysecondsub,u/BentPan,a subreddit
#thirdsub,53,https://reddit.com/r/fiftythirdsub,,"If you have reached here, do not look back."
#thirdsub,54,https://reddit.com/r/fiftyfourthsub,,FiftyFourthSub
#thirdsub,55,https://reddit.com/r/fiftyfifthsub,u/Pistol_Pete_Maravich,fiftyfifthsub thirdsub
#thirdsub,56,https://reddit.com/r/fiftysixthsub,u/Pistol_Pete_Maravich,fiftysixth Fifty-sixth sub thirdsub
#thirdsub,57,https://reddit.com/r/fiftyseventhsub,u/_530AM_,
#thirdsub,58,https://reddit.com/r/fiftyeighthsub,u/UmbreonYT,Keep Going?
#thirdsub,59,https://reddit.com/r/fiftyninthsub,u/minepose98,
#thirdsub,60,https://reddit.com/r/sixtiethsub,u/Crazy2109,And the rabbithole continues!
#thirdsub,61,https://reddit.com/r/sixtyfirstsub,u/Crazy2109,And the rabbithole continues!
#thirdsub,62,https://reddit.com/r/Sixtysecondsub,u/Starbucksfanfair,It needed to happen
#thirdsub,63,https://reddit.com/r/sixtythirdsub,u/minepose98,The fifty ninth
#thirdsub,64,https://reddit.com/r/sixtyfourthsub,u/ComradeLQP,"Nintendo's favorite number, and why are you going this far?"
#thirdsub,65,https://reddit.com/r/sixtyfifthsub,u/-BiggieCheese,Let's make it to a hundred
#thirdsub,66,https://reddit.com/r/sixtysixthsub,u/ComradeLQP,go visit r/sixtyfourthsub go back plz
#thirdsub,67,https://reddit.com/r/sixtyseventhsub,u/_530AM_,How far we will we go?
#thirdsub,68,https://reddit.com/r/sixtyeighthsub,u/WhoDaPenguin,"We're doing it, Reddit."
#thirdsub,69,https://reddit.com/r/sixtyninthsub,u/ASlothPotato,"if you've gotten this far, you need mental assistance"
#thirdsub,70,https://reddit.com/r/seventiethsub,u/ComradeLQP,Howdy! We're in the endgame now!
#thirdsub,71,https://reddit.com/r/SeventyFirstSub,u/resignater,71Áï™ÁõÆ„ÅÆ„Çµ„Éñ„É¨
#thirdsub,72,https://reddit.com/r/seventysecondsub,u/ILikeMultipleThings,ya
#thirdsub,73,https://reddit.com/r/seventythirdsub,u/Calaz157,"who tf is gonna look at a reddit comment chain and think ""oh, I should try to get that to the seventy-third sub"""
#thirdsub,74,https://reddit.com/r/seventyfourthsub,u/hahagoni_r,
#thirdsub,75,https://reddit.com/r/seventyfifthsub,u/famskiis,"This is the elite sub. Most don‚Äôt go beyond the fiftieth sub. Most who do simply stop at fifty-one or jump to one hundred. So you, handsome redditor, are lucky to have found this community of only the best. Join us."
#thirdsub,76,https://reddit.com/r/seventysixthsub,u/snidbert64,This seems a bit excessive but I don't care. The rabbit hole must deepen.
#thirdsub,77,https://reddit.com/r/seventyseventhsub,u/NotCindereIIa,When people do /r/thirdsub and shit reply with this sub so they have to look at trap porn as punishment
#thirdsub,78,https://reddit.com/r/seventyeighthsub,u/12yz12ab,When people post too many links in a row
#thirdsub,79,https://reddit.com/r/seventyninthsub,u/Maester_Patrick,"Welcome to 79th elevator, before you can continue to 80th sub, you must leave a picture of either Elton John or a Toblerone Product."
#thirdsub,80,https://reddit.com/r/eightiethsub,u/DatNeverikGuy,When comment nesting depth goes waay too high. Free admin for an actual post
#thirdsub,81,https://reddit.com/r/eightyfirstsub,u/Redguy05,"19 more to go! still,i don't think anyone is going to get to this number anytime soon."
#thirdsub,82,https://reddit.com/r/eightysecondsub,u/DatNeverikGuy,A sub for very nested comments with subs
#thirdsub,83,https://reddit.com/r/eightythirdsub,u/Vampyrix25,
#thirdsub,84,https://reddit.com/r/eightyfourthsub,u/boi156,to 100
#thirdsub,85,https://reddit.com/r/eightyfifthsub,u/KingMaharg,
#thirdsub,86,https://reddit.com/r/eightysixthsub,u/Saint_Errant,
#thirdsub,87,https://reddit.com/r/eightyseventhsub,u/123456789hfgveidghdf,Rest awhile O weary wanderer. You have journeyed far. Don't worry about r/eightyeighthsub. There's nothing to see there. I've been told their all completely uncivilized and barbarous. So stay awhile
#thirdsub,88,https://reddit.com/r/eightyeighthsub,u/123456789hfgveidghdf,objectively better than r/eightyseventhsub
#thirdsub,89,https://reddit.com/r/eightyninthsub,u/123456789hfgveidghdf,the eighty-ninth one
#thirdsub,90,https://reddit.com/r/ninetiethsub,u/_530AM_,Ninetieth Sub
#thirdsub,91,https://reddit.com/r/ninetyfirstsub,u/Pistol_Pete_Maravich,Here it is brothers and sisters.
#thirdsub,92,https://reddit.com/r/ninetysecondsub,u/Pistol_Pete_Maravich,T'wis to good to be truest
#thirdsub,93,https://reddit.com/r/ninetythirdsub,u/Gbro08,the ninetythirdsub
#thirdsub,94,https://reddit.com/r/ninetyfourthsub,u/DolanGustan,Yeet
#thirdsub,95,https://reddit.com/r/ninetyfifthsub,u/IntelligentAbhi007,"i needed it for somthing so fill it with some spam yallaehf 'iEWfosWE""PIH GFVIshefl ePAFJHilSDHFLKSFHEFLKDSHLFkHD;f"
#thirdsub,96,https://reddit.com/r/ninetysixthsub,u/crazyPainCake,yeet procceed to r/ninetyseventhsub
#thirdsub,97,https://reddit.com/r/ninetyseventhsub,u/Vampyrix25,"This is it, the final link in the chain... Those that were separated from us in the great Cataclysm have been reaching downwards, but now, our first contact. We will continue to forge our chains to the stars, and maybe, one day... we‚Äôll make it there."
#thirdsub,98,https://reddit.com/r/ninetyeighthsub,u/n1510559,"Well, I mean, you've gotta be searching intentionally at this point."
#thirdsub,99,https://reddit.com/r/ninetyninthsub,u/n1510559,This should be attainable ...
#thirdsub,100,https://reddit.com/r/onehundredthsub,u/zopu,One hundred subs in a row
#thirdsub,101,https://reddit.com/r/onehundredfirstsub,u/Gbro08,101 baby
#thirdsub,102,https://reddit.com/r/onehundredsecondsub,u/XIII-Death,
#thirdsub,103,https://reddit.com/r/onehundredthirdsub,u/amazingpikachu_38,We must progress onwards
#thirdsub,104,https://reddit.com/r/onehundredfourthsub,u/tavou,
#thirdsub,105,https://reddit.com/r/onehundredfifthsub,u/tavou,
#thirdsub,106,https://reddit.com/r/onehundredsixthsub,u/tavou,
#thirdsub,107,https://reddit.com/r/onehundredseventhsub,u/tavou,
#thirdsub,108,https://reddit.com/r/onehundredeighthsub,u/tavou,
#thirdsub,109,https://reddit.com/r/onehundredninthsub,u/hannahzakla,"According to all known laws of aviation, there is no way that a bee should be able to fly. Its wings are too small to get its fat little body off the ground. The bee, of course, flies anyway. Because bees don‚Äôt care what humans think is impossible.‚Äù SEQ. 75 - ‚ÄúINTRO TO BARRY‚Äù INT. BENSON HOUSE - DAY ANGLE ON: Sneakers on the ground. Camera PANS UP to reveal BARRY BENSON‚ÄôS BEDROOM ANGLE ON: Barry‚Äôs hand flipping through different sweaters in his closet. BARRY Yellow black, yellow black- thats all"
#thirdsub,110,https://reddit.com/r/onehundredtenthsub,u/nicknameSerialNumber,110th sub in a row
#thirdsub,111,https://reddit.com/r/onehundredeleventhsub,u/nicknameSerialNumber,111th sub
#thirdsub,112,https://reddit.com/r/onehundredtwelfthsub,u/crazyPainCake,You can't create r/onehundredthirteenthsub due to r/21charactersandnomore so STOP IMMEDIATELY. THIS IS OVER. NO MORE SUBS. GAME END.
#thirdsub,113,https://reddit.com/r/onehundred13thsub,u/DatNeverikGuy,The 113th sub in a row.
#thirdsub,114,https://reddit.com/r/onehundred14thsub,u/regian24,Hello
#thirdsub,115,https://reddit.com/r/onehundred15thsub,u/CaptainStar1,onehundred15thsub
#thirdsub,116,https://reddit.com/r/onehundred16thsub,u/CaptainStar1,onehundred16thsub
#thirdsub,117,https://reddit.com/r/onehundred17thsub,u/PartyEscortBotBeans,this sub is pointless just post any fucking thing i don't give a fuck
#thirdsub,118,https://www.reddit.com/r/onehundred18thsub,u/PhoenixAlpha204,why did you even make it this far
#thirdsub,119,https://www.reddit.com/r/onehundred19thsub,u/scruffboi,An absolute unit of a sub
#thirdsub,120,https://www.reddit.com/r/onehundred20thsub,u/scruffboi,.bus a fo tinu etulosba na
#thirdsub,123,https://reddit.com/r/onehundred23rdsub,u/Laserdollarz,
#thirdsub,125,https://www.reddit.com/r/onehundred25thsub,u/Coolinee--Kerman,The 125h sub
#thirdsub,200,https://reddit.com/r/twohundredthsub,u/DatNeverikGuy,Two hundred subs in a row
#thirdsub,700,https://www.reddit.com/r/sevenhundredthsub/,u/text_fish,Or is it the six hundred and ninety seventh level of reddit hell?
#thirdsub,999,https://www.reddit.com/r/ninehundred99thsub,u/scruffboi,( Õ°¬∞ Õú ñ Õ°¬∞)
#thirdsub,"1,000",https://reddit.com/r/onethousandthsub,u/n1510559,Anything is possible with enough time and proper lighting.
#thirdsub,"10,000",https://reddit.com/r/tenthousandthsub,u/beerathegreat,"It's the 10,000th sub!"
#thirdsub #large_number,1 √ó 10‚Å∂,https://reddit.com/r/onemillionthsub,u/PM_ME_BIRTHDAYS,when its the one millionth sub
#thirdsub #large_number,1 √ó 10‚Åπ,https://www.reddit.com/r/onebillionthsub/,u/_530AM_,One Billionth Sub
#thirdsub #large_number,1 √ó 10googol,https://www.reddit.com/r/googolplexthsub/,u/nicknameSerialNumber,ABC
#thirdsub #mathematical,‚àû,https://reddit.com/r/infinitiethsub,u/snidbert64,"When there are an infinite number of subreddits in a comment section, link here."
#thirdsub #nthsub #mathematical,ùëõ,https://reddit.com/r/nthsub,u/Vaflioras,when people say nth subreddit names in a row then comment this one
#thirdsub #mathematical,ùë•,https://www.reddit.com/r/xthsub,u/scruffboi,The xth sub.
#thirdsub #mathematical,‚àö2,https://www.reddit.com/r/sqrt2thsub,u/scruffboi,"The square root of two.....th sub. It may not make sense, but neither does any thing here."
#nthsub #meta,,https://reddit.com/r/nthsubhubsub,u/Benjebi,The nth sub hub sub
#meta,,https://www.reddit.com/r/subthsub,u/scruffboi,S = 19. U = 21. B = 2. 19 x 21 x 2 = 798.
#nonnumerical,N/A,https://www.reddit.com/r/morethanyouthsub,u/DatNeverikGuy,This nthsub's number is bigger than that of your nthsub
#nonnumerical,N/A,https://reddit.com/r/lastsub,u/CoolioDood,The very last one.
#nonnumerical,N/A,https://www.reddit.com/r/finalsub,u/UgleeSimpson,"When people spam shitty, low-effort subs, post this one to end the circle-jerk train."
#nonnumerical,N/A,https://www.reddit.com/r/allthesubs,u/Chilly9613,
#nonnumerical,N/A,https://www.reddit.com/r/tomanysubs,u/toraieiji,tomanysubs
#nonnumerical,N/A,https://www.reddit.com/r/toomanysubs/,u/toraieiji,toomanysubs
#nthsub #nonnumerical,N/A,https://reddit.com/r/allnthsubs,u/DatNeverikGuy,I am the owner of all nth subreddits.
#alternativespelling,1b,https://www.reddit.com/r/1stsub,u/vinfox,"When nobody has said any sub, comment this one"
#alternativespelling,1c,https://www.reddit.com/r/onesub,u/Harryrich11,Only has one sub
#alternativespelling,4b,https://www.reddit.com/r/4thsub,u/Gbro08,when someone comments 4 subs put this in
#alternativespelling,6b,https://www.reddit.com/r/6thsub,u/HumbleCrew2000,
#alternativespelling,7b,https://www.reddit.com/r/7thsub,u/Quantum-64,
#alternativespelling,9b,https://www.reddit.com/r/9thsub,u/amkoc,Í°èÍ°ßÍ°¢
#alternativespelling,69b,https://www.reddit.com/r/69thsub,u/LIN88xxx,Hey look you got here
#alternativespelling,100b,https://www.reddit.com/r/hundredthsub,u/ConfusedGrasshopper,END GAME
#alternativespelling,101b,https://www.reddit.com/r/101st_sub,u/nicknameSerialNumber,101st sub in a row
#alternativespelling,101c,https://www.reddit.com/r/onehundredandfirst,u/endmymisouri,One Hundred and First sub that's right
#alternativespelling,101d,https://www.reddit.com/r/onehundredandfirstsub,u/BodyPillowz,Because we obviously need this.
#alternativespelling,104b,https://www.reddit.com/r/104thsub,u/ReigenArata,104 is way too many guys
#alternativespelling,113b,https://reddit.com/r/113thsub,u/____okay,The official 113th sub.
#alternativespelling,114b,https://reddit.com/r/114thsub,u/_062862,To beat r/113thsub‚Äôs record
#alternativespelling,115b,https://www.reddit.com/r/115thsub,u/Squiggle11,And so it continues.
#alternativespelling,124b,https://www.reddit.com/r/hundredtwentyfoursub,u/Robowiko123,yay
#alternativespelling,420b,https://www.reddit.com/r/420thsub,u/jackux1257,"Theres 4th, 5th,6th and 69th sub and now theres a 420th sub"
#alternativespelling,"1,000b",https://reddit.com/r/thousandthsub,u/xmbo,thousandthsub
#alternativespelling #large_number,1 √ó 10‚Å∂b,https://www.reddit.com/r/millionthsub,u/Razaboch,when someone puts a sub and then another person puts a sub and then another person puts a sub and then another person puts a sub and then another person puts a sub and then another person puts a sub and then another person puts a sub and then another person puts a sub and then a couple more subs and then a couple more subs and then a couple more subs and then you eventually get to the 37249th sub and then a couple more subs and then a couple more subs and then loads more subs and then end it all
#alternativespelling #large_number,1 √ó 10‚Åπb,https://www.reddit.com/r/billionthsub/,u/admadguy,
#misspelled,4#,https://www.reddit.com/r/forthsub,u/lumpus99,The forth sub
#misspelled,8#,https://www.reddit.com/r/eightsub/,u/ConfusedGrasshopper,THE MADNESS CONTINUES
#misspelled,9#,https://www.reddit.com/r/ninethsub/,u/JEAFCommander,made it here
#misspelled,12#,https://www.reddit.com/r/twelthsub,u/champflame,You‚Äôre way to deep at this point
#misspelled,18#,https://www.reddit.com/r/eightteenthsub,,You get it
#misspelled,40#,https://www.reddit.com/r/fourtiethsub,u/TheRealvGuy,its the fourtieth sub. why is there so much. oh god
#misspelled,41#,https://www.reddit.com/r/fourtyfirstsub,u/FlatInfo,What have we done?
#misspelled,42#,https://www.reddit.com/r/fourtysecondsub,u/nuotnik,42
#misspelled,43#,https://reddit.com/r/fourtythirdsub,u/AedificoLudus,Proof that God has abandoned us
#misspelled,44#,https://www.reddit.com/r/fourtyfourthsub,u/dooladooladoo,For the sub that comes after forty and three
#misspelled,100#,https://reddit.com/r/hundrethsub,u/Rfinity,The Hundreth Sub [citation needed]
#fuckthirdsub,F3,https://reddit.com/r/fuckthirdsub,u/KarolOfGutovo,"When you find r/thirdsub in comments, you reply with r/fuckthirdsub and optionally post image here."
#fuckthirdsub,F3x2,https://reddit.com/r/fuckfuckthirdsub,u/justanothergamer,fuckfuckthirdsub
#fuckthirdsub,F3x3,https://reddit.com/r/fuckfuckfuckthirdsub,u/Rocer_Perdon,"thirdsub is not okay as they are enemies of our enemies, fuckthirdsub is our ally, but what is definitely not okay is fuckfuckthirdsub."
#fuckthirdsub,F3x4,https://reddit.com/r/fuckfuckfuckfuckthird,u/the_horse_gamer,we hate r/fuckfuckfuckthirdsub
#fuckthirdsub,F3x5,https://www.reddit.com/r/FUCKx5thirdsub,u/the_horse_gamer,"we hate r/fuckfuckfuckfuckthird sub, which is interesting because it was made by the same guy who made this"
#fuckthirdsub,F4,https://www.reddit.com/r/fuckfourthsub,u/nerd_face1,fuck fourth sub
#fuckthirdsub,F4x2,https://www.reddit.com/r/fuckfuckfourthsub/,u/Helldogify,"When you find r/fuckfourthsub in comments, you reply with r/fuckfuckfourthsub and optionally post image here."
#fuckthirdsub,F5,https://www.reddit.com/r/fuckfifthsub,u/nerd_face1,fuck fifth sub
#fuckthirdsub,F6,https://www.reddit.com/r/fucksixthsub,u/budmoney,when someone says r/sixthsub you can say r/fucksixthsub
#fuckthirdsub,F7,https://reddit.com/r/fuckseventhsub,u/ElizabethDanger,"When you find r/seventhsub in comments, you reply with r/fuckseventhsub and optionally post image here."
#fuckthirdsub,F8,https://www.reddit.com/r/fuckeighthsub,u/nerd_face1,fuck eighth sub
#fuckthirdsub,F9,https://reddit.com/r/fuckninthsub,u/Vitamin-S_e_e,"For when the evil ""_sub""ers attack"
#fuckthirdsub,F10,https://www.reddit.com/r/fucktenthsub,u/nerd_face1,fuck tenth sub
#fuckthirdsub #nthsub #mathematical,Fùëõ,https://www.reddit.com/r/fuckNthSub/,u/LandonAnimations,"because, fuck it"
#fuckthirdsub #nonnumerical,N/A,https://www.reddit.com/r/fuckoffsub/,u/Tile124,r/thirdsub
#fuckthirdsub #nonnumerical,N/A,https://www.reddit.com/r/everyfuckingsub/,u/The_Wong_of_Reddit,everyfuckingsub
#fuckthirdsub #nonnumerical,N/A,https://www.reddit.com/r/fuckallthesubs,u/budmoney,What you say to stop a long sub chain.
#fuckthirdsub #nonnumerical,N/A,https://www.reddit.com/r/NoMoreSubs/,u/bonio22,"We are here to stop subreddit spam after third sub, so when people write 3 or more subs in a row use this one"
#fuckthirdsub #nonnumerical,N/A,https://www.reddit.com/r/subresistance/,u/Ticha22608,We raid and resist newly rising subs
#thirdsub_alliance,,https://www.reddit.com/r/xSubRiseUp,u/DrScienceSpaceCat,"We are an alliance between /r/secondsub, /r/thirdsub, /r/fourthsub, and /r/fifthsub, and other similar subs can form an alliance against subs like /r/fuckthirdsub, and others who try to bring us down."
#thirdsub_alliance,,https://www.reddit.com/r/doublethirdsub,u/Robagious,Double 3rd
#thirdsub_alliance,,https://www.reddit.com/r/fuckyesthirdsub,u/ConfusedGrasshopper,fuckyesthirdsub
#thirdsub_alliance,,https://www.reddit.com/r/longlivethirdsub,u/noran1197,For trolling thirdsub haters and thirdsub knock-offs. This subreddit is dedicated to maintaining the OG status of r/thirdsub